Occupied Brentwood, CA 
Canada
Prince George, BC
Ottawa, Ontario
Vancouver BC
Toronto, Ontario
Vancouver BC
Canada 
Victoria, British Columbia
Albany, CA
Vancouver, British Columbia
Ottawa, Ontario
Hamilton, Ontario
Toronto, Ontario
Calgary, Alberta
Kingston, Ontario
Ontario, CA
Saskatoon, Saskatchewan
We can do better than this.
Ontario, Canada
Freedom Bunker, CA
Freedom Bunker, CA
Vallejo, CA
Freedom Bunker, CA
Freedom Bunker, CA
Toronto-Citizen of Canada & US
Edmonton Alberta Canada
Ottawa, Ontario
Ottawa, Ontario
Orange, CA
We can do better than this.
Toronto, Ontario
Vancouver, BC, Canada
Barrie, Ontario
Brampton, Ontario
Halifax, Nova Scotia
Ontario...sadly.
Fredericton, NB CANADA
Repentigny Québec Canada
Canada
SOB Living in La Vista, NE
Southwestern Ontario, Canada.
Alberta, Canada
Ottawa, Ontario, Canada
Toon Town, SK
Montreal, Quebec
El Dorado Hills, CA
on Earth! 
Canada
Canada
Canada
Canada
Morrin, Alberta
Arcata, CA
Northern Alberta, Canada
under tyrannical rulers in BC 
British Columbia, Canada
Sacramento, CA
 new brunswick
Canada
Toronto, Canada
North Platte, NE
Torrance, CA
Somewhere on the planet
London, Ontario
Kelowna, British Columbia
Alberta, Canada
Canada
Temecula, CA
Toronto, Ontario
Canada â¤ï¸ Edmonton ğŸ™‹ğŸ»â€â™€ï¸â˜€ï¸âš–ï¸
Palo Alto, CA
Turn on notifications🔔
Yarmouth, Nova Scotia
Ottawa Canada
Gatineau, QC
Ottawa, Ontario
Bay Area, CA
Gatineau, QC
Mordor, Alberta
CA,VA,FL
Canada and Palm Beach USA 
Toronto, Ontario #Earther 
Quartz Hill, CA / Ventura, CA
Vancouver, British Columbia
Ottawa, ON
On the water in Ontario
Canada
Canada
Toronto, Ontario
Edmonton, Alberta
Milton, Ontario
Guelph, Ontario
Cartwright, Manitoba
Ontario
Alberta, Canada
Canada
British Columbia, Canada
Palm Desert, Lake Arrowhead Ca
Canada
Medicine Hat, AB
Canada
Edmonton, Alberta
Ottawa, Ontario
on bed 24/7
Canada
Canada Tiohtiak:ke
Alberta
Canada
Durham, Ontario
Earth Between Mexico & Canada 
Toronto, Ontario
Ontario, Canada
He/They •15• Multifandom • yt
Canada
Canada
Canada || she/they || 15 || bi
Bay Area CA
Vancouver, BC, CanadağŸ 
Please SUBSCRIBE to YT channel
Canada
La Malbaie, Quebec
Canada
🇨🇦 Canada
Ottawa, Capital of Canada 
Carmel by the Sea, CA
Sonoma County, Ca.
South Lake Tahoe, CA
South Lake Tahoe, CA
Canada
Winnipeg, Manitoba
Malibu, CA
Ottawa, Canada
Chilliwack, B.C., Canada
25, she/her | mortdecay on ao3
Ontario, CA
Vancouver, British Columbia
Canada
Pasadena, CA
The Ranch, AB
On the cloud
âš¡Near & Far âš¡ï¸ Canada
Vancouver, British Columbia
Gdańsk, Poland
Canada
On Namek
British Columbia
Calgary, Alberta
Crockett, CA
Beverly Hills, CA
Toronto, Ontario
Sherwood park Alberta
République Tchèque
on Earth! 
République Tchèque
Eureka, CA
On the Internets
Québec, Canada 🇨🇦
Québec, Canada 🇨🇦
Québec, Canada 🇨🇦
Québec, Canada 🇨🇦
Québec, Canada 🇨🇦
Québec, Canada 🇨🇦
Québec, Canada 🇨🇦
Québec, Canada 🇨🇦
AU, NZ, US, CA, UK, SG
AU, NZ, US, CA, UK, SG
AU, NZ, US, CA, UK, SG
Montrose & La Crescenta, CA
Point Edward, Ontario
Ontario, Canada
Wilmington,CA 90744
presumably somewhere on earth!
Vancouver, BC, CanadağŸ 
 K'jipuktuk/Halifax, NS
Benshame, NE, UK
United Social Empire of Canada
Brantford Ontario Canada
Toronto, Ontario, Canada
Toronto, Ontario
Canada
Canada
🇨🇦 Canada
St. John's, Newfoundland
Atlantic Canada
Toronto, Ontario
London, Ontario
Brampton.Ont
Toronto, Canada
Halifax, Nova Scotia, Canada
London, Ontario 🇨🇦
Sydney... on the edge
17 ★ white | working on carrd
Tennant Creek, NT, 0860
Ontario Canada
Toronto, Ontario
Canada (English feed)
Calgary AB & Okanagan Falls BC
kingston Ontario
Canada
Canada
Ontario, Canada
Sacramento, CA
Ontario, Canada
Saskatoon, SK
Sydney... on the edge
Hamilton, Ontario
Victoria, BC
