Pooch Palace Ancaster Canada
Omaha, NE
Ontario, CA
Canada and Palm Beach USA 
Canada
Alberta, Canada
Winnipeg, Manitoba
Surrey, British Columbia
Earth Between Mexico & Canada 
On the road
Ottawa, Ontario
Vancouver BC
Winnipeg, Manitoba
Nova Scotia, Canada 
Victoria, BC
NB Canada
On both sides of the divide
Oakville, Ontario
Metro Vancouver, Canada
Fort McMurray, Alberta, Canada
on Earth! 
Central Okanagan, British Columbia
CA/USA/EMEA/ASEAN/AUS/LATAM
ON
Central Okanagan, British Columbia
Calgary, Alberta
Hermosa Beach, CA
République Tchèque
Living on an island.
Orange County, CA and New York
Calabasas, CA
Hip Town/Kingston, Ontario
Ossining-Croton-on-Hudson NY
Toronto, Ontario
Canada
2 Princess St, Orono Ontario
Regina, Saskatchewan
FIX ON!!!
Toronto, Ontario
Canada
Quebec City
Saskatoon, Canada
Berkeley, CA
Edmonton, Alberta
Saskatoon, Saskatchewan
Manhattan Beach, CA
Toronto, Canada
A really bad place aka Ontario
Fort McMurray, Alberta, Canada
Canada
Nova Scotia
Treaty 6 Land—Lacombe, AB
Beverly Hills, CA
Hamilton, Ontario
Toronto, Ontario
Toronto, Ontario
Halifax, Nova Scotia
Edmonton, Alberta
Treaty 6 (AB, Canada)
Toronto, Ontario
British Columbia, Canada
Lincoln, NE
Torrance, CA
Ottawa, Ontario
Edmonton, Alberta
Newport Beach, CA
Canada
Sacramento, CA
Vancouver, Canada
Vancouver Canada
East Bay, CA
New Brunswick, Canada
London, Ontario
A bunker in Orange Co. CA 
Canada
British Columbia, Canada
Ontario, CA
Canada
Canada
Edmonton, Alberta
Moon on my way to Mars
Canada's boreal forest
Vancouver, BC
Bermuda Dunes, CA
Alberta, Canada
Barrie, Ontario
Laguna Niguel, CA
NE Ohio
Toronto, Canada YYZ
Buena Park, CA
YAHSHUA'S REST bc of Jer 29:13
Canada
Calgary, Alberta
Centre Wellington, ON
Toronto, Ontario
Central canada
Bay Area, CA
on Earth! 
Ontario, Canada
On the Island
SierrağŸŒ²Nevadaâ„NE California
Somoma, CA
Victoria, BC
Ottawa, Canada
Calgary, Alberta, Canada
Ontario, Canada
Bellevue, NE
New Westminster, BC.
Saskatoon SK
USS Enterprise/Canada
YEG on Treaty 6 land
Canada
Ottawa, Canada
Toronto, Ontario
Kingston, ON
Toronto Canada
Toronto Canada
Edmonton, Alberta
Toronto Canada
Daly City, CA
CA
365 Bloor St. E., Toronto, ON
Burnaby, British Columbia
cotton candy land (CANADA)
Hamilton, Ontario
Richmond Hill, Ontario, Canada
Berkeley, CA
Rancho Mirage, CA
We can do better than this.
Edmonton, Alberta
Prunedale, CA
Ridgecrest, CA
Barrie Ontario
Galt, CA
Canada
Canada
Ottawa, Ontario, Canada
Cathedral City, CA
Sacramento, CA
Vancouver, BC
Chino Hills, CA
Toronto, Ontario
Toronto-Citizen of Canada & US
Ontario, CA
Orange, CA
 CA
Toronto, Ontario
Hesperia, So. CA
Miramichi Valley NB Canada 
Whittier, CA
Toronto, ON , Canada
PQ to 💕Beautiful BC, Canada
Toronto, ON , Canada
Calgary, Alberta
Hamilton, Ontario
Saskatoon, SK
Calgary, Alberta
Somewhere on earth
Canada
Vancouver, BC
Sonoma County, Ca.
Vancouver, BC, Canada
British Columbia, Canada
Calgary, Alberta
Pacific Palisades, CA
Inglewood, CA
Beverly Hills, CA
Alberta, Canada
CA, USA | she/her
Prague, République Tchèque
Alberta, Canada
Beverly Hills, CA
BC, Canada
Ontario, CA
Half Moon Bay, CA
Canada
 ◉  ı Canada ı 
Canada
Barrie Ontario
Alberta, Canada
Eureka, CA
Canada
North Vallejo, CA
Berkeley, CA
Ladysmith, BC
Québec, Canada 🇨🇦
On The Wire
Québec, Canada 🇨🇦
Québec, Canada 🇨🇦
Québec, Canada 🇨🇦
Québec, Canada 🇨🇦
Québec, Canada 🇨🇦
Québec, Canada 🇨🇦
Québec, Canada 🇨🇦
Québec, Canada 🇨🇦
Québec, Canada 🇨🇦
Canada
Ochten NL
Please SUBSCRIBE to YT channel
holland via canada
Orange, CA
turn on notif🔔|| she/her filo
Whitehorse, Yukon, Canada
Palo Alto, CA
Sacramento, CA
On The Ground
Calgary, Alberta
Somewhere on earth
Kitchener, Ontario
AU, NZ, US, CA, UK, SG
born in Can raised in the USA
République Tchèque
UK, US, Canada ğŸŒ
MNL/CAN
Gaspe, QC
Sydney... on the edge
Halifax, Nova Scotia
Burlington, Ontario, Canada
Oakville, Ontario
Mississauga, Ontario
Kitchener, Ontario
Regina, SK
Bellevue, NE
On The Wire
Toronto, Canada
MNL/CAN
Canada
Toronto, ON, Canada
Ontario 
Halifax, Nova Scotia
Canada
Omaha, NE
leamington ontario
Canada
Happy Valley-Goose Bay, NL
Northridge, CA  USA
Halifax, Nova Scotia
Truro, Nova Scotia
Kingston, ON
Canada
Fredericton, New Brunswick
ST JOHN'S NL
Tweets on #Asia & USA  
Here'nt 
Shakespeare, Ontario
Toronto ON
Toronto, Ontario
qc ncr, ph | sold = 🗑
Toronto, Ontario
Lincoln, CA
Halton Hills, Ontario
Lethbridge, AB
CA
Canada
Montreal, Canada
Ottawa, ON Canada
Ottawa, Ontario
Toronto, Ontario
St. John's, Newfoundland 🇨🇦 
Halifax, Nova Scotia, Canada
Chesterfield UK (can travel)
Ottawa, Ontario
Canada
Alliston, Ontario, Canada
Canada, Planet Earth
Prince George, BC
On the moon
Mississauga, Ontario
Alberta, Canada
on the porch still 😔
Saint John, Nouveau-Brunswick
Brantford Ontario Canada
Rockwood, ON  Canada
Sarnia, Ontario, Canada
Waterloo, Ontario
Pickering, Ontario
Woodbridge, ON
Canada
Toronto, ON
Mississauga, Ontario
Hamilton, Ontario
Hamilton Ontario
Treaty 7 (Calgary, Canada)
Alberta, Canada, Treaty 6 
Edmonton, Alberta, Canada
Calgary Alberta
Davis, CA
Halifax, Nova Scotia, Canada
Calgary AB
Canada
365 Bloor St. E., Toronto, ON
ON
Vancouver, British Columbia
Nova Scotia
Calgary, Alberta
Calgary, Alberta
London, Ontario
London, Ontario
British Columbia, Canada
Nova Scotia, Canada
Sudbury, ON
1 Yonge St., Toronto, Canada
Calgary, Canada
Alberta, Canada
Exeter, Ontario
Calgary, Alberta
Sacramento, CA
Winnipeg, Manitoba
Durham Region, ON
Canada
Edmonton, Alberta
Edmonton Canada
307 Main st,  Delhi Ontario
Edmonton, Alberta
Alberta, Canada
Bay Area, CA
Auburn, NE
Whitby, Ontario
Victoria, Canada
Calgary, Alberta
Edmonton, Canada
Lethbridge, Alberta
Encinitas, CA
Downey, CA
Bancroft, Ontario
Edmonton Canada
On the Chesapeake Bay
Stony Plain, Alberta
BC, Canada
365 Bloor St. E., Toronto, ON
Montreal, Quebec
Montréal, QC
Toronto, Ontario
Ottawa, Ontario
Peterborough, Ontario
Port Hope, Ontario
Halifax, Nova Scotia
Orange County, CA
Calgary, Alberta
Toronto, Ontario, Canada
Strathcona County, Alberta
République Tchèque
US and Canada
Montreal, Qc
Ohsweken, Ontario
Barrie, Ontario
Saskatchewan, Canada
Toronto, ON
On the road
Toronto, Ontario, Canada
Charlottetown, Prince Edward Island
Edmonton, Alberta, Canada
US and Canada
SSM, Ontario, Canada
Mississauga, Ontario
Canada
Canada
Ontario, Canada
Palm Desert, CA
Canada, Planet Earth
Edmonton, Alberta
Canada
Vancouver, British Columbia
Edmonton, Alberta
BC Southern Interior
Davis, CA
Grande Prairie, AB
Mordor on the Potomac
NY/CA
Halifax, NS
Calgary, Alberta
Toronto, Ontario
CA
Fairbury, NE
Canada
Woodstock & Oxford, Ontario
Grande Prairie, Alberta
Haliburton Highlands, Canada
Winnipeg, Manitoba
Toronto, ON
British Columbia, Canada
Victoria, BC
Canada
Santee, CA
Vancouver BC Canada
Canada
Sierra Madre, CA
London, ON
London, ON
Saskatchewan, Canada
British Columbia, Canada
Canada
Toronto, Ontario
University Farm, Davis, CA
East of Ohio, South of Canada
Oshawa, Ontario
Niagara, Ontario canada
Canada
on Earth! 
Moorpark, CA
British Columbia
CB   Bangor Northern Ireland
Montreal, Quebec
âš¡Near & Far âš¡ï¸ Canada
Regina, Saskatchewan
Canada
Montreal, Quebec, Canada
Ontario
Dublin, CA
Harptree Saskatchewan
Beverly Hills, CA
Canada
Kingston, Ontario, Canada
Vancouver BC
Vancouver BC
Toronto, Ontario
Vancouver BC
Menifee, CA
Costa Mesa, CA
Toronto, Ontario
 B.C. Canada
Toronto, Ontario
Edmonton, Alberta, Canada
Omaha, NE
Toronto, Ontario
Canada
London, ON Canada
Guelph, Ontario
Simi Valley, CA
Alberta
If you can find me, I'm here.
Kingsville, Ontario
NE Ohio
Cloverdale - Langley City, BC
Scarborough, Ontario
Canada
Canada
Unjabbed, CA
Bay Area, CA
Canada
East Coast, Canada
North Vancouver, BC
Ottawa, Ontario
Beverly Hills, CA
Hamilton, Ontario
Lawse Angelees, CA
Humboldt County, CA
Canada
Marina del Rey, CA
Berkeley, CA
Upland, CA
Atlantic Canada
Moreno Valley, CA 92553
Settler on the Wolastoq
Canada
NY/CA
CA
Parts Unknown, Sask. 
Spruce Grove, Alberta Canada
British Columbia, Canada
Walton on Thames Surrey
Settler on the Wolastoq
Toronto, Ontario
Fredericton, Nouveau-Brunswick
On land purchased with money.
Canada & USA
CA
Ottawa, Canada
Thornhill, Ontario
Buena Park, CA
Vancouver, Canada
Canada
Ontario, Canada
Toronto, Canada
Ottawa, Ontario
Toronto, Ontario, Canada
Edmonton Canada
Ventura CA; Black Rock City NV
Kingston, ON
Toronto, Ontario, Canada
Hamilton, Ontario
Toronto, Ontario
Toronto, ON
CA
Canada
Calgary, Alberta
Saskatoon, Canada
Halifax, Nova Scotia, Canada
Citrus Heights, CA
Ottawa, Ontario
Edmonton, AB, Canada
Ottawa, Ontario
Earth by way of Canada 
365 Bloor St. E., Toronto, ON
Chino Hills, CA
Muskoka Ontario, Canada
Vancouver, British Columbia
Burnaby, BC
Ontario, Canada
Toronto, Ontario
Manhattan Beach, CA
Canada
Winnipeg, Manitoba
Calgary, Alberta
Canada
Ontario, Canada
Burnaby, British Columbia
Alberta, Canada
Backwoods of Ontario,Canada  
Canada
Oakville, Ontario, Canada
Toronto, Ontario, Canada
BC, Canada
Orange County, CA
Toronto, Ontario
St. John's, Newfoundland
Toronto, Ontario
Belleville, Ontario
Ontario, Canada
Belleville, Ontario
Toronto, Ontario
Canada
Richmond, CA
Calgary, Canada
On your mind 
Castlegar, BC
Cranbrook, BC, Canada
Golden BC
Langley, British Columbia
New Brunswick
Ontario Canada
Universal. (Made in Canada.)
Kamloops, B.C., Canada
Toronto, Ontario, Canada
Vancouver, British Columbia
Vancouver, British Columbia
Sacramento, CA
Calgary, AB
on Earth! 
Mississauga, Ontario
Canada
Edmonton, Alberta
Charlottetown, Prince Edward I
Regina, Saskatchewan, Canada
South Algonquin ON
Police State, Ontario, 🇨🇦
Ontario, Canada
Champlain Region / Eastern ON
HMB, CA
London, Ontario
Burlington, Ontario
Martensville, Saskatchewan
Huron Bruce, Ontario
Toronto, Ontario
Cobden, Ontario
Calgary Alberta
Toronto, Canada
Kingston, Ontario
Canada
St. John’s - NL, Canada
Toronto, Ontario
Canada
Communist Canada
Ottawa, Ontario
Toronto, Ontario
